Floss#,Description                     ,Red,Green,Blue,Hex
1     ,White Tin                       ,239,238  ,240 ,EFEEF0
2     ,Tin                             ,197,196  ,201 ,C5C4C9
3     ,Medium Tin                      ,176,176  ,181 ,B0B0B5
4     ,Dark Tin                        ,156,155  ,157 ,9C9B9D
5     ,Light Driftwood                 ,227,204  ,190 ,E3CCBE
6     ,Medium Light Driftwood          ,220,198  ,184 ,DCC6B8
7     ,Driftwood                       ,204,184  ,170 ,CCB8AA
8     ,Dark Driftwood                  ,157,125  ,113 ,9D7D71
9     ,Very Dark Cocoa                 ,85 ,32   ,20  ,552014
10    ,Very Light Tender Green         ,237,254  ,217 ,EDFED9
11    ,Light Tender Green              ,226,237  ,181 ,E2EDB5
12    ,Tender Green                    ,205,217  ,154 ,CDD99A
13    ,Medium Light Nile Green         ,191,246  ,224 ,BFF6E0
14    ,Pale Apple Green                ,208,251  ,178 ,D0FBB2
15    ,Apple Green                     ,209,237  ,164 ,D1EDA4
16    ,Light Chartreuse                ,164,214  ,124 ,A4D67C
17    ,Light Yellow Plum               ,229,226  ,114 ,E5E272
18    ,Yellow Plum                     ,217,213  ,109 ,D9D56D
19    ,Medium Light Autumn Gold        ,247,201  ,95  ,F7C95F
20    ,Shrimp                          ,247,175  ,147 ,F7AF93
21    ,Light Alizarian                 ,215,153  ,130 ,D79982
22    ,Alizarian                       ,188,96   ,78  ,BC604E
23    ,Apple Blossom                   ,237,226  ,237 ,EDE2ED
24    ,White Lavender                  ,224,215  ,238 ,E0D7EE
25    ,Ultra Light Lavender            ,218,210  ,233 ,DAD2E9
26    ,Pale Lavender                   ,207,200  ,222 ,CFC8DE
27    ,White Violet                    ,233,236  ,252 ,E9ECFC
28    ,Medium Light Eggplant           ,125,78   ,146 ,7D4E92
29    ,Eggplant                        ,103,64   ,118 ,674076
30    ,Medium Light Blueberry          ,109,84   ,211 ,6D54D3
31    ,Blueberry                       ,88 ,52   ,163 ,5834A3
32    ,Dark Blueberry                  ,77 ,46   ,138 ,4D2E8A
33    ,Fuchsia                         ,217,83   ,159 ,D9539F
34    ,Dark Fuchsia                    ,174,66   ,128 ,AE4280
35    ,Very Dark Fuchsia               ,115,43   ,85
3713  ,Salmon Very Light               ,255,226  ,226 ,FFE2E2
761   ,Salmon Light                    ,255,201  ,201 ,FFC9C9
760   ,Salmon                          ,245,173  ,173 ,F5ADAD
3712  ,Salmon Medium                   ,241,135  ,135 ,F18787
3328  ,Salmon Dark                     ,227,109  ,109 ,E36D6D
347   ,Salmon Very Dark                ,191,45   ,45  ,BF2D2D
353   ,Peach                           ,254,215  ,204 ,FED7CC
352   ,Coral Light                     ,253,156  ,151 ,FD9C97
351   ,Coral                           ,233,106  ,103 ,E96A67
350   ,Coral Medium                    ,224,72   ,72  ,E04848
349   ,Coral Dark                      ,210,16   ,53  ,D21035
817   ,Coral Red Very Dark             ,187,5    ,31  ,BB051F
3708  ,Melon Light                     ,255,203  ,213 ,FFCBD5
3706  ,Melon Medium                    ,255,173  ,188 ,FFADBC
3705  ,Melon Dark                      ,255,121  ,146 ,FF7992
3801  ,Melon Very Dark                 ,231,73   ,103 ,E74967
666   ,Bright Red                      ,227,29   ,66  ,E31D42
321   ,Red                             ,199,43   ,59  ,C72B3B
304   ,Red Medium                      ,183,31   ,51  ,B71F33
498   ,Red Dark                        ,167,19   ,43  ,A7132B
816   ,Garnet                          ,151,11   ,35  ,970B23
815   ,Garnet Medium                   ,135,7    ,31  ,87071F
814   ,Garnet Dark                     ,123,0    ,27  ,7B001B
894   ,Carnation Very Light            ,255,178  ,187 ,FFB2BB
893   ,Carnation Light                 ,252,144  ,162 ,FC90A2
892   ,Carnation Medium                ,255,121  ,140 ,FF798C
891   ,Carnation Dark                  ,255,87   ,115 ,FF5773
818   ,Baby Pink                       ,255,223  ,217 ,FFDFD9
957   ,Geranium Pale                   ,253,181  ,181 ,FDB5B5
956   ,Geranium                        ,255,145  ,145 ,FF9191
309   ,Rose Dark                       ,86 ,74   ,74  ,BA4A4A
963   ,Dusty Rose Ultra Very Light     ,255,215  ,215 ,FFD7D7
3716  ,Dusty Rose Medium Very Light    ,255,189  ,189 ,FFBDBD
962   ,Dusty Rose Medium               ,230,138  ,138 ,E68A8A
961   ,Dusty Rose Dark                 ,207,115  ,115 ,CF7373
3833  ,Raspberry Light                 ,234,134  ,153 ,EA8699
3832  ,Raspberry Medium                ,219,85   ,110 ,DB556E
3831  ,Raspberry Dark                  ,179,47   ,72  ,B32F48
777   ,Raspberry Very Dark             ,145,53   ,70  ,913546
819   ,Baby Pink Light                 ,255,238  ,235 ,FFEEEB
3326  ,Rose Light                      ,251,173  ,180 ,FBADB4
776   ,Pink Medium                     ,252,176  ,185 ,FCB0B9
899   ,Rose Medium                     ,242,118  ,136 ,F27688
335   ,Rose                            ,238,84   ,110 ,EE546E
326   ,Rose Very Dark                  ,179,59   ,75  ,B33B4B
151   ,Dusty Rose Very Light           ,240,206  ,212 ,F0CED4
3354  ,Dusty Rose Light                ,228,166  ,172 ,E4A6AC
3733  ,Dusty Rose                      ,232,135  ,155 ,E8879B
3731  ,Dusty Rose Very Dark            ,218,103  ,131 ,DA6783
3350  ,Dusty Rose Ultra Dark           ,188,67   ,101 ,BC4365
150   ,Dusty Rose Ultra Very Dark      ,171,2    ,73  ,AB0249
3689  ,Mauve Light                     ,251,191  ,194 ,FBBFC2
3688  ,Mauve Medium                    ,231,169  ,172 ,E7A9AC
3687  ,Mauve                           ,201,107  ,112 ,C96B70
3803  ,Mauve Dark                      ,171,51   ,87  ,AB3357
3685  ,Mauve Very Dark                 ,136,21   ,49  ,881531
605   ,Cranberry Very Light            ,255,192  ,205 ,FFC0CD
604   ,Cranberry Light                 ,255,176  ,190 ,FFB0BE
603   ,Cranberry                       ,255,164  ,190 ,FFA4BE
602   ,Cranberry Medium                ,226,72   ,116 ,E24874
601   ,Cranberry Dark                  ,209,40   ,106 ,D1286A
600   ,Cranberry Very Dark             ,205,47   ,99  ,CD2F63
3806  ,Cyclamen Pink Light             ,255,140  ,174 ,FF8CAE
3805  ,Cyclamen Pink                   ,243,71   ,139 ,F3478B
3804  ,Cyclamen Pink Dark              ,224,40   ,118 ,E02876
3609  ,Plum Ultra Light                ,244,174  ,213 ,F4AED7
3608  ,Plum Very Light                 ,234,156  ,196 ,EA9CC4
3607  ,Plum Light                      ,197,73   ,137 ,C54989
718   ,Plum                            ,156,36   ,98  ,9C2462
917   ,Plum Medium                     ,155,19   ,89  ,9B1359
915   ,Plum Dark                       ,130,0    ,67  ,820043
225   ,Shell Pink Ultra Very Light     ,255,223  ,213 ,FFDFD7
224   ,Shell Pink Very Light           ,235,183  ,175 ,EBB7AF
152   ,Shell Pink Medium Light         ,226,160  ,153 ,E2A099
223   ,Shell Pink Light                ,204,132  ,124 ,CC847C
3722  ,Shell Pink Medium               ,188,108  ,100 ,BC6C64
3721  ,Shell Pink Dark                 ,161,75   ,81  ,A14B51
221   ,Shell Pink Very Dark            ,136,62   ,67  ,8.83E+45
778   ,Antique Mauve Very Light        ,223,179  ,187 ,DFB3BB
3727  ,Antique Mauve Light             ,219,169  ,178 ,DBA9B2
316   ,Antique Mauve Medium            ,183,115  ,127 ,B7737F
3726  ,Antique Mauve Dark              ,155,91   ,102 ,9B5B66
315   ,Antique Mauve Medium Dark       ,129,73   ,82  ,814952
3802  ,Antique Mauve Very Dark         ,113,65   ,73  ,714149
902   ,Garnet Very Dark                ,130,38   ,55  ,822637
3743  ,Antique Violet Very Light       ,215,203  ,211 ,D7CBD3
3042  ,Antique Violet Light            ,183,157  ,167 ,B79DA7
3041  ,Antique Violet Medium           ,149,111  ,124 ,956F7C
3740  ,Antique Violet Dark             ,120,87   ,98  ,785762
3836  ,Grape Light                     ,186,145  ,170 ,BA91AA
3835  ,Grape Medium                    ,148,96   ,131 ,946083
3834  ,Grape Dark                      ,114,55   ,93  ,72375D
154   ,Grape Very Dark                 ,87 ,36   ,51  ,572433
211   ,Lavender Light                  ,227,203  ,227 ,E3CBE3
210   ,Lavender Medium                 ,195,159  ,195 ,D29FC3
209   ,Lavender Dark                   ,163,123  ,167 ,A37BA7
208   ,Lavender Very Dark              ,131,91   ,139 ,835B8B
3837  ,Lavender Ultra Dark             ,108,58   ,110 ,6C3A6E
327   ,Violet Dark                     ,99 ,54   ,102 ,633666
153   ,Violet Very Light               ,230,204  ,217 ,E6CCD9
554   ,Violet Light                    ,219,179  ,203 ,DBB3CB
553   ,Violet                          ,163,99   ,139 ,A3638B
552   ,Violet  Medium                  ,128,58   ,107 ,803A6B
550   ,Violet Very Dark                ,92 ,24   ,78  ,5C184E
3747  ,Blue Violet Very Light          ,211,215  ,237 ,D3D7ED
341   ,Blue Violet Light               ,183,191  ,221 ,B7BFDD
156   ,Blue Violet Medium Light        ,163,174  ,209 ,A3AED1
340   ,Blue Violet Medium              ,173,167  ,199 ,ADA7C7
155   ,Blue Violet Medium Dark         ,152,145  ,182 ,9891B6
3746  ,Blue Violet Dark                ,119,107  ,152 ,776B98
333   ,Blue Violet Very Dark           ,92 ,84   ,120 ,5C5478
157   ,Cornflower Blue Very Light      ,187,195  ,217 ,BBC3D9
794   ,Cornflower Blue Light           ,143,156  ,193 ,8F9CC1
793   ,Cornflower Blue Medium          ,112,125  ,162 ,707DA2
3807  ,Cornflower Blue                 ,96 ,103  ,140 ,60678C
792   ,Cornflower Blue Dark            ,85 ,91   ,123 ,555B7B
158   ,Cornflower Blue Medium Very Dark,76 ,82   ,110 ,4C526E
791   ,Cornflower Blue Very Dark       ,70 ,69   ,99  ,464563
3840  ,Lavender Blue Light             ,176,192  ,218 ,B0C0DA
3839  ,Lavender Blue Medium            ,123,142  ,171 ,7B8EAB
3838  ,Lavender Blue Dark              ,92 ,114  ,148 ,5C7294
800   ,Delft Blue Pale                 ,192,204  ,222 ,C0CCDE
809   ,Delft Blue                      ,148,168  ,198 ,94A8C6
799   ,Delft Blue Medium               ,116,142  ,182 ,748EB6
798   ,Delft Blue Dark                 ,70 ,106  ,142 ,466A8E
797   ,Royal Blue                      ,19 ,71   ,125 ,13477D
796   ,Royal Blue Dark                 ,17 ,65   ,109 ,11416D
820   ,Royal Blue Very Dark            ,14 ,54   ,92  ,0E365C
162   ,Blue Ultra Very Light           ,219,236  ,245 ,DBECF5
827   ,Blue Very Light                 ,189,221  ,237 ,BDDDED
813   ,Blue Light                      ,161,194  ,215 ,A1C2D7
826   ,Blue Medium                     ,107,158  ,191 ,6B9EBF
825   ,Blue Dark                       ,71 ,129  ,165 ,4781A5
824   ,Blue Very Dark                  ,57 ,105  ,135 ,396987
996   ,Electric Blue Medium            ,48 ,194  ,236 ,30C2EC
3843  ,Electric Blue                   ,20 ,170  ,208 ,14AAD0
995   ,Electric Blue Dark              ,38 ,150  ,182 ,2696B6
3846  ,Turquoise Bright Light          ,6  ,227  ,230 ,06E3E6
3845  ,Turquoise Bright Medium         ,4  ,196  ,202 ,04C4CA
3844  ,Turquoise Bright Dark           ,18 ,174  ,186 ,12AEBA
159   ,Blue Gray Light                 ,199,202  ,215 ,C7CAD7
160   ,Blue Gray Medium                ,153,159  ,183 ,999FB7
161   ,Blue Gray                       ,120,128  ,164 ,7880A4
3756  ,Baby Blue Ultra Very Light      ,238,252  ,252 ,EEFCFC
775   ,Baby Blue Very Light            ,217,235  ,241 ,D9EBF1
3841  ,Baby Blue Pale                  ,205,223  ,237 ,CDDFED
3325  ,Baby Blue Light                 ,184,210  ,230 ,B8D2E6
3755  ,Baby Blue                       ,147,180  ,206 ,92B4CE
334   ,Baby Blue Medium                ,115,159  ,193 ,739FC1
322   ,Baby Blue Dark                  ,90 ,143  ,184 ,5A8FB8
312   ,Baby Blue Very Dark             ,53 ,102  ,139 ,35668B
803   ,Baby Blue Ultra Very Dark       ,44 ,89   ,124 ,2C597C
336   ,Navy Blue                       ,37 ,59   ,115 ,253B73
823   ,Navy Blue Dark                  ,33 ,48   ,99  ,213063
939   ,Navy Blue Very Dark             ,27 ,40   ,83  ,1B2853
3753  ,Antique Blue Ultra Very Light   ,219,226  ,233 ,DBE2E9
3752  ,Antique Blue Very Light         ,199,209  ,219 ,C7D1DB
932   ,Antique Blue Light              ,162,181  ,198 ,A2B5C6
931   ,Antique Blue Medium             ,106,133  ,158 ,6A859E
930   ,Antique Blue Dark               ,69 ,92   ,113 ,455C71
3750  ,Antique Blue Very Dark          ,56 ,76   ,94  ,384C5E
828   ,Sky Blue Very Light             ,197,232  ,237 ,C5E8ED
3761  ,Sky Blue Light                  ,172,216  ,226 ,ACD8E2
519   ,Sky Blue                        ,126,177  ,200 ,7EB1C8
518   ,Wedgewood Light                 ,79 ,147  ,167 ,4F93A7
3760  ,Wedgewood Medium                ,62 ,133  ,162 ,3E85A2
517   ,Wedgewood Dark                  ,59 ,118  ,143 ,3B768F
3842  ,Wedgewood Very Dark             ,50 ,102  ,124 ,32667C
311   ,Wedgewood Ultra Very Dark       ,28 ,80   ,102 ,1C5066
747   ,Peacock Blue Very Light         ,229,252  ,253 ,E5FCFD
3766  ,Peacock Blue Light              ,153,207  ,217 ,99CFD9
807   ,Peacock Blue                    ,100,171  ,186 ,64ABBA
806   ,Peacock Blue Dark               ,61 ,149  ,165 ,3D95A5
3765  ,Peacock Blue Very Dark          ,52 ,127  ,140 ,347F8C
3811  ,Turquoise Very Light            ,188,227  ,230 ,BCE3E6
598   ,Turquoise Light                 ,144,195  ,204 ,90C3CC
597   ,Turquoise                       ,91 ,163  ,179 ,5BA3B3
3810  ,Turquoise Dark                  ,72 ,142  ,154 ,488E9A
3809  ,Turquoise Very Dark             ,63 ,124  ,133 ,3F7C85
3808  ,Turquoise Ultra Very Dark       ,54 ,105  ,112 ,366970
928   ,Gray Green Very Light           ,221,227  ,227 ,DDE3E3
927   ,Gray Green Light                ,189,203  ,203 ,BDCBCB
926   ,Gray Green Medium               ,152,174  ,174 ,98AEAE
3768  ,Gray Green Dark                 ,101,127  ,127 ,657F7F
924   ,Gray Green Very Dark            ,86 ,106  ,106 ,566A6A
3849  ,Teal Green Light                ,82 ,179  ,164 ,52B3AE
3848  ,Teal Green Medium               ,85 ,147  ,146 ,419392
3847  ,Teal Green Dark                 ,52 ,125  ,117 ,347D75
964   ,Sea Green Light                 ,169,226  ,216 ,A9E2D8
959   ,Sea Green Medium                ,89 ,199  ,180 ,59C7B4
958   ,Sea Green Dark                  ,62 ,182  ,161 ,3EB6A1
3812  ,Sea Green Very Dark             ,47 ,140  ,132 ,2F8C84
3851  ,Green Bright Light              ,73 ,179  ,161 ,49B3A1
943   ,Green Bright Medium             ,61 ,147  ,132 ,3D9384
3850  ,Green Bright Dark               ,55 ,132  ,119 ,378477
993   ,Aquamarine Very Light           ,144,192  ,180 ,90C0B4
992   ,Aquamarine Light                ,111,174  ,159 ,6FAE9F
3814  ,Aquamarine                      ,80 ,139  ,125 ,508B7D
991   ,Aquamarine Dark                 ,71 ,123  ,110 ,477B6E
966   ,Jade Ultra Very Light           ,185,215  ,192 ,B9D7C0
564   ,Jade Very Light                 ,167,205  ,175 ,A7CDAF
563   ,Jade Light                      ,143,192  ,152 ,8FC098
562   ,Jade Medium                     ,83 ,151  ,106 ,53976A
505   ,Jade Green                      ,51 ,131  ,98  ,338362
3817  ,Celadon Green Light             ,153,195  ,170 ,99C3AA
3816  ,Celadon Green                   ,101,165  ,125 ,65A57D
163   ,Celadon Green Medium            ,77 ,131  ,97  ,4D8361
3815  ,Celadon Green Dark              ,71 ,119  ,89  ,477759
561   ,Celadon Green VD                ,44 ,106  ,69  ,2C6A45
504   ,Blue Green Very Light           ,196,222  ,204 ,C4DECC
3813  ,Blue Green Light                ,178,212  ,189 ,B2D4BD
503   ,Blue Green Medium               ,123,172  ,148 ,7BAC94
502   ,Blue Green                      ,91 ,144  ,113 ,5B9071
501   ,Blue Green Dark                 ,57 ,111  ,82  ,396F52
500   ,Blue Green Very Dark            ,4  ,77   ,51  ,044D33
955   ,Nile Green Light                ,162,214  ,173 ,A2D6AD
954   ,Nile Green                      ,136,186  ,145 ,88BA91
913   ,Nile Green Medium               ,109,171  ,119 ,6DAB77
912   ,Emerald Green Light             ,27 ,157  ,107 ,1B9D6B
911   ,Emerald Green Medium            ,24 ,144  ,101 ,189065
910   ,Emerald Green Dark              ,24 ,126  ,86  ,1.87E+58
909   ,Emerald Green Very Dark         ,21 ,111  ,73  ,156F49
3818  ,Emerald Green Ultra Very Dark   ,17 ,90   ,59  ,115A3B
369   ,Pistachio Green Very Light      ,215,237  ,204 ,D7EDCC
368   ,Pistachio Green Light           ,166,194  ,152 ,A6C298
320   ,Pistachio Green Medium          ,105,136  ,90  ,69885A
367   ,Pistachio Green Dark            ,97 ,122  ,82  ,617A52
319   ,Pistachio Green Very Dark       ,32 ,95   ,46  ,205F2E
890   ,Pistachio Green Ultra Very Dark ,23 ,73   ,35  ,184923
164   ,Forest Green Light              ,200,216  ,184 ,C8D8B8
989   ,Forest Green                    ,141,166  ,117 ,8DA675
988   ,Forest Green Medium             ,115,139  ,91  ,738B5B
987   ,Forest Green Dark               ,88 ,113  ,65  ,587141
986   ,Forest Green Very Dark          ,64 ,82   ,48  ,405230
772   ,Yellow Green Very Light         ,228,236  ,212 ,E4ECD4
3348  ,Yellow Green Light              ,204,217  ,177 ,CCD9B1
3347  ,Yellow Green Medium             ,113,147  ,92  ,71935C
3346  ,Hunter Green                    ,64 ,106  ,58  ,406A3A
3345  ,Hunter Green Dark               ,27 ,89   ,21  ,1B5915
895   ,Hunter Green Very Dark          ,27 ,83   ,0   ,1B5300
704   ,Chartreuse Bright               ,158,207  ,52  ,9ECF34
703   ,Chartreuse                      ,123,181  ,71  ,7BB547
702   ,Kelly Green                     ,71 ,167  ,47  ,47A72F
701   ,Green Light                     ,63 ,143  ,41  ,3F8F29
700   ,Green Bright                    ,7  ,115  ,27  ,07731B
699   ,Green                           ,5  ,101  ,23  ,56517
907   ,Parrot Green Light              ,199,230  ,102 ,C7E666
906   ,Parrot Green Medium             ,127,179  ,53  ,7FB335
905   ,Parrot Green Dark               ,98 ,138  ,40  ,628A28
904   ,Parrot Green Very Dark          ,85 ,120  ,34  ,557822
472   ,Avocado Green Ultra Light       ,216,228  ,152 ,D8E498
471   ,Avocado Green Very Light        ,174,191  ,121 ,AEBF79
470   ,Avocado Green Light             ,148,171  ,79  ,94AB4F
469   ,Avocado Green                   ,114,132  ,60  ,72843C
937   ,Avocado Green Medium            ,98 ,113  ,51  ,627133
936   ,Avocado Green Very Dark         ,76 ,88   ,38  ,4C5826
935   ,Avocado Green Dark              ,66 ,77   ,33  ,424D21
934   ,Avocado Green Black             ,49 ,57   ,25  ,313919
523   ,Fern Green Light                ,171,177  ,151 ,ABB197
3053  ,Green Gray                      ,156,164  ,130 ,9CA482
3052  ,Green Gray Medium               ,136,146  ,104 ,889268
3051  ,Green Gray Dark                 ,95 ,102  ,72  ,5F6648
524   ,Fern Green Very Light           ,196,205  ,172 ,C4CDAC
522   ,Fern Green                      ,150,158  ,126 ,969E7E
520   ,Fern Green Dark                 ,102,109  ,79  ,666D4F
3364  ,Pine Green                      ,131,151  ,95  ,83975F
3363  ,Pine Green Medium               ,114,130  ,86  ,728256
3362  ,Pine Green Dark                 ,94 ,107  ,71  ,5E6B47
165   ,Moss Green Very Light           ,239,244  ,164 ,EFF4A4
3819  ,Moss Green Light                ,224,232  ,104 ,E0E868
166   ,Moss Green Medium Light         ,192,200  ,64  ,C0C840
581   ,Moss Green                      ,167,174  ,56  ,A7AE38
580   ,Moss Green Dark                 ,136,141  ,51  ,888D33
734   ,Olive Green Light               ,199,192  ,119 ,C7C077
733   ,Olive Green Medium              ,188,179  ,76  ,BCB34C
732   ,Olive Green                     ,148,140  ,54  ,948C36
731   ,Olive Green Dark                ,147,139  ,55  ,938B37
730   ,Olive Green Very Dark           ,130,123  ,48  ,827B30
3013  ,Khaki Green Light               ,185,185  ,130 ,B9B982
3012  ,Khaki Green Medium              ,166,167  ,93  ,A6A75D
3011  ,Khaki Green Dark                ,137,138  ,88  ,898A58
372   ,Mustard Light                   ,204,183  ,132 ,CCB784
371   ,Mustard                         ,191,166  ,113 ,BFA671
370   ,Mustard Medium                  ,184,157  ,100 ,B89D64
834   ,Golden Olive Very Light         ,219,190  ,127 ,DBBE7F
833   ,Golden Olive Light              ,200,171  ,108 ,C8AB6C
832   ,Golden Olive                    ,189,155  ,81  ,BD9B51
831   ,Golden Olive Medium             ,170,143  ,86  ,AA8F56
830   ,Golden Olive Dark               ,141,120  ,75  ,8D784B
829   ,Golden Olive Very Dark          ,126,107  ,66  ,7E6B42
613   ,Drab Brown Very Light           ,220,196  ,170 ,DCC4AA
612   ,Drab Brown Light                ,188,154  ,120 ,BC9A78
611   ,Drab Brown                      ,150,118  ,86  ,967656
610   ,Drab Brown Dark                 ,121,96   ,71  ,796047
3047  ,Yellow Beige Light              ,231,214  ,193 ,E7D6C1
3046  ,Yellow Beige Medium             ,216,188  ,154 ,D8BC9A
3045  ,Yellow Beige Dark               ,188,150  ,106 ,BC966A
167   ,Yellow Beige Very Dark          ,167,124  ,73  ,A77C49
746   ,Off White                       ,252,252  ,238 ,FCFCEE
677   ,Old Gold Very Light             ,245,236  ,203 ,F5ECCB
422   ,Hazelnut Brown Light            ,198,159  ,123 ,C69F7B
3828  ,Hazelnut Brown                  ,183,139  ,97  ,B78B61
420   ,Hazelnut Brown Dark             ,160,112  ,66  ,A07042
869   ,Hazelnut Brown Very Dark        ,131,94   ,57  ,995C30
728   ,Topaz                           ,228,180  ,104 ,E4B468
783   ,Topaz Medium                    ,206,145  ,36  ,CE9124
782   ,Topaz Dark                      ,174,119  ,32  ,AE7720
781   ,Topaz Very Dark                 ,162,109  ,32  ,A26D20
780   ,Topaz Ultra Very Dark           ,148,99   ,26  ,94631A
676   ,Old Gold Light                  ,229,206  ,151 ,E5CE97
729   ,Old Gold Medium                 ,208,165  ,62  ,D0A53E
680   ,Old Gold Dark                   ,188,141  ,14  ,BC8D0E
3829  ,Old Gold Very Dark              ,169,130  ,4   ,A98204
3822  ,Straw Light                     ,246,220  ,152 ,F6DC98
3821  ,Straw                           ,243,206  ,117 ,F3CE75
3820  ,Straw Dark                      ,223,182  ,95  ,DFB65F
3852  ,Straw Very Dark                 ,205,157  ,55  ,CD9D37
445   ,Lemon Light                     ,255,251  ,139 ,FFFB8B
307   ,Lemon                           ,253,237  ,84  ,FDED54
973   ,Canary Bright                   ,255,227  ,0   ,FFE300
444   ,Lemon Dark                      ,255,214  ,0   ,FFD600
3078  ,Golden Yellow Very Light        ,253,249  ,205 ,FDF9CD
727   ,Topaz Very Light                ,255,241  ,175 ,FFF1AF
726   ,Topaz Light                     ,253,215  ,85  ,FDD755
725   ,Topaz Medium Light              ,255,200  ,64  ,FFC840
972   ,Canary Deep                     ,255,181  ,21  ,FFB515
745   ,Yellow Pale Light               ,255,233  ,173 ,FFE9AD
744   ,Yellow Pale                     ,255,231  ,147 ,FFE793
743   ,Yellow Medium                   ,254,211  ,118 ,FED376
742   ,Tangerine Light                 ,255,191  ,87  ,FFBF57
741   ,Tangerine Medium                ,255,163  ,43  ,FFA32B
740   ,Tangerine                       ,255,139  ,0   ,FF8B00
970   ,Pumpkin Light                   ,247,139  ,19  ,F78B13
971   ,Pumpkin                         ,246,127  ,0   ,F67F00
947   ,Burnt Orange                    ,255,123  ,77  ,FF7B4D
946   ,Burnt Orange Medium             ,235,99   ,7   ,EB6307
900   ,Burnt Orange Dark               ,209,88   ,7   ,D15807
967   ,Apricot Very Light              ,255,222  ,213 ,FFDED5
3824  ,Apricot Light                   ,254,205  ,194 ,FECDC2
3341  ,Apricot                         ,252,171  ,152 ,FCAB98
3340  ,Apricot Medium                  ,255,131  ,111 ,FF836F
608   ,Burnt Orange Bright             ,253,93   ,53  ,FD5D35
606   ,Orange-Red Bright               ,250,50   ,3   ,FA3203
951   ,Tawny Light                     ,255,226  ,207 ,FFE2CF
3856  ,Mahogany Ultra Very Light       ,255,211  ,181 ,FFD3B5
722   ,Orange Spice Light              ,247,151  ,111 ,F7976F
721   ,Orange Spice Medium             ,242,120  ,66  ,F27842
720   ,Orange Spice Dark               ,229,92   ,31  ,E55C1F
3825  ,Pumpkin Pale                    ,253,189  ,150 ,FDBD96
922   ,Copper Light                    ,226,115  ,35  ,E27323
921   ,Copper                          ,198,98   ,24  ,C66218
920   ,Copper Medium                   ,172,84   ,20  ,AC5414
919   ,Red-Copper                      ,166,69   ,16  ,A64510
918   ,Red-Copper Dark                 ,130,52   ,10  ,82340A
3770  ,Tawny Very Light                ,255,238  ,227 ,FFEEE3
945   ,Tawny                           ,251,213  ,187 ,FBD5BB
402   ,Mahogany Very Light             ,247,167  ,119 ,F7A777
3776  ,Mahogany Light                  ,207,121  ,57  ,CF7939
301   ,Mahogany Medium                 ,179,95   ,43  ,B35F2B
400   ,Mahogany Dark                   ,143,67   ,15  ,8F430F
300   ,Mahogany Very Dark              ,111,47   ,0   ,6F2F00
3823  ,Yellow Ultra Pale               ,255,253  ,227 ,FFFDE3
3855  ,Autumn Gold Light               ,250,211  ,150 ,FAD396
3854  ,Autumn Gold Medium              ,242,175  ,104 ,F2AF68
3853  ,Autumn Gold Dark                ,242,151  ,70  ,F29746
3827  ,Golden Brown Pale               ,247,187  ,119 ,F7BB77
977   ,Golden Brown Light              ,220,156  ,86  ,DC9C56
976   ,Golden Brown Medium             ,194,129  ,66  ,C28142
3826  ,Golden Brown                    ,173,114  ,57  ,AD7239
975   ,Golden Brown Dark               ,145,79   ,18  ,914F12
948   ,Peach Very Light                ,254,231  ,218 ,FEE7DA
754   ,Peach Light                     ,247,203  ,191 ,F7CBBF
3771  ,Terra Cotta Ultra Very Light    ,244,187  ,169 ,F4BBA9
758   ,Terra Cotta Very Light          ,238,170  ,155 ,EEAA9B
3778  ,Terra Cotta Light               ,217,137  ,120 ,D98978
356   ,Terra Cotta Medium              ,197,106  ,91  ,C56A5B
3830  ,Terra Cotta                     ,185,85   ,68  ,BC5544
355   ,Terra Cotta Dark                ,152,68   ,54  ,984436
3777  ,Terra Cotta Very Dark           ,134,48   ,34  ,863022
3779  ,Rosewood Ultra Very Light       ,248,202  ,200 ,F8CAC8
3859  ,Rosewood Light                  ,186,139  ,124 ,BA8B7C
3858  ,Rosewood Medium                 ,150,74   ,63  ,964A3F
3857  ,Rosewood Dark                   ,104,37   ,26  ,68251A
3774  ,Desert Sand Very Light          ,243,225  ,215 ,F3E1D7
950   ,Desert Sand Light               ,238,211  ,196 ,EED3C4
3064  ,Desert Sand                     ,196,142  ,112 ,C48E70
407   ,Desert Sand Medium              ,187,129  ,97  ,BB8161
3773  ,Desert Sand Dark                ,182,117  ,82  ,B67552
3772  ,Desert Sand Very Dark           ,160,108  ,80  ,A06C50
632   ,Desert Sand Ultra Very Dark     ,135,85   ,57  ,875539
453   ,Shell Gray Light                ,215,206  ,203 ,D7CECB
452   ,Shell Gray Medium               ,192,179  ,174 ,C0B3AE
451   ,Shell Gray Dark                 ,145,123  ,115 ,917B73
3861  ,Cocoa Light                     ,166,136  ,129 ,A68881
3860  ,Cocoa                           ,125,93   ,87  ,7D5D57
779   ,Cocoa Dark                      ,98 ,75   ,69  ,624B45
712   ,Cream                           ,255,251  ,239 ,FFFBEF
739   ,Tan Ultra Very Light            ,248,228  ,200 ,F8E4C8
738   ,Tan Very Light                  ,236,204  ,158 ,ECCC9E
437   ,Tan Light                       ,228,187  ,142 ,E4BB8E
436   ,Tan                             ,203,144  ,81  ,CB9051
435   ,Brown Very Light                ,184,119  ,72  ,B87748
434   ,Brown Light                     ,152,94   ,51  ,9.85E+35
433   ,Brown Medium                    ,122,69   ,31  ,7A451F
801   ,Coffee Brown Dark               ,101,57   ,25  ,653919
898   ,Coffee Brown Very Dark          ,73 ,42   ,19  ,492A13
938   ,Coffee Brown Ultra Dark         ,54 ,31   ,14  ,361F0E
3371  ,Black Brown                     ,30 ,17   ,8   ,1E1108
543   ,Beige Brown Ultra Very Light    ,242,227  ,206 ,F2E3CE
3864  ,Mocha Beige Light               ,203,182  ,156 ,CBB69C
3863  ,Mocha Beige Medium              ,164,131  ,92  ,A4835C
3862  ,Mocha Beige Dark                ,138,110  ,78  ,8A6E4E
3031  ,Mocha Brown Very Dark           ,75 ,60   ,42  ,4B3C2A
B5200 ,Snow White                      ,255,255  ,255 ,FFFFFF
White ,White                           ,252,251  ,248 ,FCFBF8
3865  ,Winter White                    ,249,247  ,241 ,F9F7F1
Ecru  ,Ecru                            ,240,234  ,218 ,F0EADA
822   ,Beige Gray Light                ,231,226  ,211 ,E7E2D3
644   ,Beige Gray Medium               ,221,216  ,203 ,DDD8CB
642   ,Beige Gray Dark                 ,164,152  ,120 ,A49878
640   ,Beige Gray Very Dark            ,133,123  ,97  ,857B61
3787  ,Brown Gray Dark                 ,98 ,93   ,80  ,625D50
3021  ,Brown Gray Very Dark            ,79 ,75   ,65  ,4F4B41
3024  ,Brown Gray Very Light           ,235,234  ,231 ,EBEAE7
3023  ,Brown Gray Light                ,177,170  ,151 ,B1AA97
3022  ,Brown Gray Medium               ,142,144  ,120 ,8E9078
535   ,Ash Gray Very Light             ,99 ,100  ,88  ,636458
3033  ,Mocha Brown Very Light          ,227,216  ,204 ,E3D8CC
3782  ,Mocha Brown Light               ,210,188  ,166 ,D2BCA6
3032  ,Mocha Brown Medium              ,179,159  ,139 ,B39F8B
3790  ,Beige Gray Ultra Dark           ,127,106  ,85  ,7F6A55
3781  ,Mocha Brown Dark                ,107,87   ,67  ,6B5743
3866  ,Mocha Brown Ultra Very Light    ,250,246  ,240 ,FAF6F0
842   ,Beige Brown Very Light          ,209,186  ,161 ,D1BAA1
841   ,Beige Brown Light               ,182,155  ,126 ,B69B7E
840   ,Beige Brown Medium              ,154,124  ,92  ,9A7C5C
839   ,Beige Brown Dark                ,103,85   ,65  ,675541
838   ,Beige Brown Very Dark           ,89 ,73   ,55  ,594937
3072  ,Beaver Gray Very Light          ,230,232  ,232 ,E6E8E8
648   ,Beaver Gray Light               ,188,180  ,172 ,BCB4AC
647   ,Beaver Gray Medium              ,176,166  ,156 ,B0A69C
646   ,Beaver Gray Dark                ,135,125  ,115 ,877D73
645   ,Beaver Gray Very Dark           ,110,101  ,92  ,6E655C
844   ,Beaver Gray Ultra Dark          ,72 ,72   ,72  ,484848
762   ,Pearl Gray Very Light           ,236,236  ,236 ,ECECEC
415   ,Pearl Gray                      ,211,211  ,214 ,D3D3D6
318   ,Steel Gray Light                ,171,171  ,171 ,ABABAB
414   ,Steel Gray Dark                 ,140,140  ,140 ,8C8C8C
168   ,Pewter Very Light               ,209,209  ,209 ,D1D1D1
169   ,Pewter Light                    ,132,132  ,132 ,848484
317   ,Pewter Gray                     ,108,108  ,108 ,6C6C6C
413   ,Pewter Gray Dark                ,86 ,86   ,86  ,565656
3799  ,Pewter Gray Very Dark           ,66 ,66   ,66  ,424242
310   ,Black                           ,0  ,0    ,0   ,0
